{"cameraMode":{"drawMode":0,"name":"Shaded","section":"Shading Mode"},"sceneLighting":false,"audioPlay":false,"sceneViewState":{"showFog":true,"showMaterialUpdate":false,"showSkybox":false,"showFlares":true,"showImageEffects":true,"showParticleSystems":true},"in2DMode":false,"pivot":{"x":0.0,"y":0.22589010000228883,"z":-2.384185791015625e-7},"rotation":{"x":-0.010878806002438069,"y":0.9870223999023438,"z":-0.07747437059879303,"w":-0.14076320827007295},"size":3.7585504055023195,"orthographic":false}