{"cameraMode":{"drawMode":0,"name":"Shaded","section":"Shading Mode"},"sceneLighting":false,"audioPlay":false,"sceneViewState":{"showFog":true,"showMaterialUpdate":false,"showSkybox":false,"showFlares":true,"showImageEffects":true,"showParticleSystems":true},"in2DMode":false,"pivot":{"x":1.7868573665618897,"y":2.6603941917419435,"z":1.9138926267623902},"rotation":{"x":-0.02269955351948738,"y":0.9734141826629639,"z":-0.11178696155548096,"w":-0.19900690019130708},"size":3.264137029647827,"orthographic":false}