{"cameraMode":{"drawMode":0,"name":"Shaded","section":"Shading Mode"},"sceneLighting":true,"audioPlay":false,"sceneViewState":{"showFog":true,"showMaterialUpdate":false,"showSkybox":true,"showFlares":true,"showImageEffects":true,"showParticleSystems":true},"in2DMode":false,"pivot":{"x":6.091214179992676,"y":44.498817443847659,"z":-119.47904205322266},"rotation":{"x":-0.4207130968570709,"y":0.15584245324134828,"z":-0.07391569018363953,"w":-0.8907356262207031},"size":10.0,"orthographic":false}