{"cameraMode":{"drawMode":0,"name":"Shaded","section":"Shading Mode"},"sceneLighting":true,"audioPlay":false,"sceneViewState":{"showFog":true,"showMaterialUpdate":false,"showSkybox":false,"showFlares":true,"showImageEffects":true,"showParticleSystems":true},"in2DMode":false,"pivot":{"x":-0.7005517482757568,"y":-0.8209701776504517,"z":2.7593843936920168},"rotation":{"x":0.45324796438217165,"y":0.3580303192138672,"z":-0.20538263022899629,"w":0.7901346683502197},"size":8.76965045928955,"orthographic":false}