{"cameraMode":{"drawMode":0,"name":"Shaded","section":"Shading Mode"},"sceneLighting":false,"audioPlay":false,"sceneViewState":{"showFog":true,"showMaterialUpdate":false,"showSkybox":false,"showFlares":true,"showImageEffects":true,"showParticleSystems":true},"in2DMode":false,"pivot":{"x":-2.625967502593994,"y":3.271231174468994,"z":2.092501401901245},"rotation":{"x":0.03202835097908974,"y":0.9663775563240051,"z":-0.1493205577135086,"w":0.20710071921348573},"size":3.7585504055023195,"orthographic":false}