{"cameraMode":{"drawMode":0,"name":"Shaded","section":"Shading Mode"},"sceneLighting":false,"audioPlay":false,"sceneViewState":{"showFog":true,"showMaterialUpdate":false,"showSkybox":false,"showFlares":true,"showImageEffects":true,"showParticleSystems":true},"in2DMode":false,"pivot":{"x":-0.5895206928253174,"y":1.3891139030456544,"z":-0.5582926273345947},"rotation":{"x":-0.002833366859704256,"y":0.9616223573684692,"z":-0.010110118426382542,"w":-0.2742709815502167},"size":3.7680017948150636,"orthographic":false}