{"cameraMode":{"drawMode":0,"name":"Shaded","section":"Shading Mode"},"sceneLighting":false,"audioPlay":false,"sceneViewState":{"showFog":true,"showMaterialUpdate":false,"showSkybox":false,"showFlares":true,"showImageEffects":true,"showParticleSystems":true},"in2DMode":false,"pivot":{"x":-3.1016221046447756,"y":3.353811740875244,"z":-2.691204309463501},"rotation":{"x":0.07475367933511734,"y":0.9174680113792419,"z":0.2067936360836029,"w":-0.33166277408599856},"size":3.9299604892730715,"orthographic":false}