{"cameraMode":{"drawMode":0,"name":"Shaded","section":"Shading Mode"},"sceneLighting":false,"audioPlay":false,"sceneViewState":{"showFog":true,"showMaterialUpdate":false,"showSkybox":false,"showFlares":true,"showImageEffects":true,"showParticleSystems":true},"in2DMode":false,"pivot":{"x":-0.004179328214377165,"y":0.4988784193992615,"z":-2.1110999584198},"rotation":{"x":-0.016188928857445718,"y":0.6820040345191956,"z":0.015176121145486832,"w":0.7310787439346314},"size":3.7585504055023195,"orthographic":false}