{"cameraMode":{"drawMode":0,"name":"Shaded","section":"Shading Mode"},"sceneLighting":false,"audioPlay":false,"sceneViewState":{"showFog":true,"showMaterialUpdate":false,"showSkybox":false,"showFlares":true,"showImageEffects":true,"showParticleSystems":true},"in2DMode":false,"pivot":{"x":0.0,"y":0.22589010000228883,"z":-2.384185791015625e-7},"rotation":{"x":-0.026370996609330179,"y":0.9579213261604309,"z":-0.09370771795511246,"w":-0.2701154053211212},"size":3.7585504055023195,"orthographic":false}